구분,환자수,평균_Index나이,평균_BMI,평균_수술년도,평균_추적기간_일,병변재발_건수,병변재발률_%,HPV감염_건수,HPV감염률_%
접종군,241,37.259752173382076,22.33632554193759,2016.1825726141078,2233.95020746888,13,5.394190871369295,149,61.82572614107884
비접종군,867,37.1738053678612,22.278333894854793,2016.2687427912342,2236.132641291811,57,6.5743944636678195,546,62.9757785467128
전체,1108,37.192499573755185,22.290135258484334,2016.25,2235.657942238267,70,6.31768953068592,695,62.72563176895307
