구분,환자수,평균_Index나이,평균_BMI,평균_수술년도,평균_추적기간_일,병변재발_건수,병변재발률_%,HPV감염_건수,HPV감염률_%
접종군,370,37.14231274395546,22.116499728521735,2016.172972972973,1749.7270270270271,0,0.0,0,0.0
비접종군,370,37.30412712507168,22.420289713795597,2016.1837837837838,1808.7351351351351,0,0.0,0,0.0
전체,740,37.22321993451357,22.27224713039221,2016.1783783783783,1779.2310810810811,0,0.0,0,0.0
