구분,환자수,평균_추적기간_일,평균_추적횟수,병변재발_건수,병변재발률_%,HPV감염_건수,HPV감염률_%
접종군,197,2541.284263959391,5.482233502538071,10,5.0761421319796955,117,59.390862944162436
비접종군,147,2728.843537414966,5.714285714285714,13,8.843537414965986,92,62.585034013605444
전체,344,2621.4331395348836,5.5813953488372094,23,6.686046511627906,209,60.75581395348837
