구분,환자수,평균_Index나이,평균_BMI,평균_수술년도,평균_추적기간_일,병변재발_건수,병변재발률_%,HPV감염_건수,HPV감염률_%
접종군,242,37.26058795911325,22.337954093182397,2016.1611570247933,2241.5,13,5.371900826446281,150,61.98347107438017
비접종군,868,37.14804896589357,22.2776309368459,2016.2603686635944,2236.2615207373274,57,6.566820276497695,547,63.0184331797235
전체,1110,37.17258449414507,22.289932387483766,2016.2387387387387,2237.4036036036036,70,6.306306306306306,697,62.792792792792795
