구분,환자수,평균_Index나이,평균_BMI,평균_수술년도,평균_추적기간_일,병변재발_건수,병변재발률_%,HPV감염_건수,HPV감염률_%
접종군,281,36.33276091791076,21.95643785756583,2014.5907473309608,2028.405693950178,0,0.0,0,0.0
비접종군,281,36.58193456926349,22.394581946602003,2014.6085409252669,2109.274021352313,0,0.0,0,0.0
전체,562,36.45734774358712,22.18401755429821,2014.5996441281138,2068.8398576512454,0,0.0,0,0.0
