구분,환자수,평균_Index나이,평균_BMI,평균_수술년도,평균_추적기간_일,병변재발_건수,병변재발률_%,HPV감염_건수,HPV감염률_%
접종군,396,37.24167755584594,22.15987780791056,2016.3055555555557,1747.7045454545455,0,0.0,0,0.0
비접종군,1771,37.275999244037806,22.37170958856621,2016.3771880293618,1787.5827216261998,0,0.0,0,0.0
전체,2167,37.26972726040884,22.334327509626977,2016.364097831103,1780.295339178588,0,0.0,0,0.0
