구분,환자수,평균_Index나이,평균_BMI,평균_수술년도,평균_추적기간_일,병변재발_건수,병변재발률_%,HPV감염_건수,HPV감염률_%
접종군,244,37.29116594293152,22.32524188932985,2016.1762295081967,2238.590163934426,13,5.327868852459016,152,62.295081967213115
비접종군,704,37.17639692614025,22.16985569192079,2016.2457386363637,2262.0696022727275,48,6.8181818181818175,440,62.5
전체,948,37.205936630884004,22.205480820107258,2016.2278481012659,2256.0263713080167,61,6.434599156118144,592,62.447257383966246
