구분,환자수,평균_Index나이,평균_BMI,평균_수술년도,평균_추적기간_일,병변재발_건수,병변재발률_%,HPV감염_건수,HPV감염률_%
접종군,190,37.50540005043409,22.29585332871253,2016.1684210526316,2244.642105263158,13,6.842105263157896,120,63.1578947368421
비접종군,190,38.106401527432546,23.068663786784793,2016.2315789473685,2348.0421052631577,14,7.368421052631578,115,60.526315789473685
전체,380,37.80590078893332,22.69263185248789,2016.2,2296.342105263158,27,7.105263157894736,235,61.8421052631579
