HR,CI_lower,CI_upper,p_value,n,events,vacc_n,vacc_events,age_min,age_max,landmark,max_fu_years,outcome
0.23035115554288915,0.055095529749485526,0.9630845751227174,0.04426891519826844,802,33,169,2,30,52,0,2,recurrence
0.299104587405524,0.09197800104920421,0.9726625191513962,0.044848805781251735,1046,38,228,3,20,52,0,2,recurrence
0.300565065456403,0.09242343128508383,0.9774508186582728,0.045726816853957,1029,38,223,3,22,52,0,2,recurrence
0.3014405896715468,0.09269189512653807,0.9803060880078436,0.04625507834867364,1013,38,219,3,24,52,0,2,recurrence
0.23846167580100086,0.05694734822538184,0.9985358861798058,0.049761866158814665,765,32,160,2,30,50,0,2,recurrence
