Variable,Before_SMD,After_SMD
index_age,0.017155478812595125,0.017155478812595878
수술연도,0.033717569649269176,0.002629939096831832
수술시나이,0.03860052868787535,0.02497883466495309
closest_bmi,0.07515362125972687,0.07515362125972687
