Variable,Before_SMD,After_SMD
수술연도,0.033717569649269176,0.01622109912325608
수술시나이,0.03860052868787535,0.08267650332818761
index_age,0.06672531204219935,0.06672531204219935
closest_bmi,0.17868354509855516,0.17868354509855516
