Variable,Before_SMD,After_SMD
수술연도,0.033717569649269176,0.033717569649269176
수술시나이,0.03860052868787535,0.03860052868787535
