Variable,Before_SMD,After_SMD
index_age,0.028580055247145453,0.028580055247145453
수술연도,0.033717569649269176,0.005385610295949597
수술시나이,0.03860052868787535,0.028569565021439036
closest_bmi,0.10838904226671894,0.10838904226671894
