Variable,Before_SMD,After_SMD
index_age,0.0127071409523853,0.0127071409523853
closest_bmi,0.043371751725583836,0.043371751725583836
수술연도,0.050639331184068374,0.018564617867778188
수술시나이,0.05100236350569664,0.007098789810666732
