Variable,Before_SMD,After_SMD
index_age,0.01253165979331845,0.01253165979331845
closest_bmi,0.016526332601351553,0.016526332601350578
수술연도,0.050639331184068374,0.026367531641967493
수술시나이,0.05100236350569664,0.005446999404253664
