Variable,Before_SMD,After_SMD
index_age,0.0037340221740468677,0.003734022174046095
수술연도,0.050639331184068374,0.017609053450951664
수술시나이,0.05100236350569665,0.015519538949909808
closest_bmi,0.05690169989577673,0.056901699895776724
